INSERT IGNORE INTO tlc_tt_strings (str) values('Accompany');
INSERT IGNORE INTO tlc_tt_strings (str) values('Admin');
INSERT IGNORE INTO tlc_tt_strings (str) values('Admins have ability to log into our busieness account, Editors can post as Trinity. Subscribers recevie posts in their feed and can post as themselves on our page.');
INSERT IGNORE INTO tlc_tt_strings (str) values('Alto');
INSERT IGNORE INTO tlc_tt_strings (str) values('Anything we should know?');
INSERT IGNORE INTO tlc_tt_strings (str) values('Anything:');
INSERT IGNORE INTO tlc_tt_strings (str) values('Availability');
INSERT IGNORE INTO tlc_tt_strings (str) values('Backend');
INSERT IGNORE INTO tlc_tt_strings (str) values('Bass');
INSERT IGNORE INTO tlc_tt_strings (str) values('Bells');
INSERT IGNORE INTO tlc_tt_strings (str) values('Blah blah blah... This is important because');
INSERT IGNORE INTO tlc_tt_strings (str) values('But why is the name partiall y in Frenche?  That is a might fine question for which I do not have an answer.  Ok, reasonable, .... but what are we even talking about at this point?');
INSERT IGNORE INTO tlc_tt_strings (str) values('Choir');
INSERT IGNORE INTO tlc_tt_strings (str) values('Communications');
INSERT IGNORE INTO tlc_tt_strings (str) values('Content');
INSERT IGNORE INTO tlc_tt_strings (str) values('Coordinate');
INSERT IGNORE INTO tlc_tt_strings (str) values('Direct');
INSERT IGNORE INTO tlc_tt_strings (str) values('Do you prefer piano or organ during worship?');
INSERT IGNORE INTO tlc_tt_strings (str) values('Drive');
INSERT IGNORE INTO tlc_tt_strings (str) values('Editor');
INSERT IGNORE INTO tlc_tt_strings (str) values('Experience');
INSERT IGNORE INTO tlc_tt_strings (str) values('Facebook');
INSERT IGNORE INTO tlc_tt_strings (str) values('Hello');
INSERT IGNORE INTO tlc_tt_strings (str) values('Help set up/tear down worship mics');
INSERT IGNORE INTO tlc_tt_strings (str) values('Help with Sound');
INSERT IGNORE INTO tlc_tt_strings (str) values('How would you like to help music');
INSERT IGNORE INTO tlc_tt_strings (str) values('Info Text');
INSERT IGNORE INTO tlc_tt_strings (str) values('Instagram');
INSERT IGNORE INTO tlc_tt_strings (str) values('Instrument (s)');
INSERT IGNORE INTO tlc_tt_strings (str) values('Instrumentalist');
INSERT IGNORE INTO tlc_tt_strings (str) values('It takes a number of folks to make Sunday Worship happen.  How do you want to help?');
INSERT IGNORE INTO tlc_tt_strings (str) values('Jira');
INSERT IGNORE INTO tlc_tt_strings (str) values('Mail Chimp');
INSERT IGNORE INTO tlc_tt_strings (str) values('Marcello will continue to use both, but do you have a personal preference?');
INSERT IGNORE INTO tlc_tt_strings (str) values('Multi Select #1');
INSERT IGNORE INTO tlc_tt_strings (str) values('Multi Select #2');
INSERT IGNORE INTO tlc_tt_strings (str) values('Other Ways you can help with communication');
INSERT IGNORE INTO tlc_tt_strings (str) values('Other');
INSERT IGNORE INTO tlc_tt_strings (str) values('Outreach');
INSERT IGNORE INTO tlc_tt_strings (str) values('Participate');
INSERT IGNORE INTO tlc_tt_strings (str) values('Pick whichever answer best applies.  Or provide your own if you don''t like the options provided');
INSERT IGNORE INTO tlc_tt_strings (str) values('Pick whichever answer best applies.');
INSERT IGNORE INTO tlc_tt_strings (str) values('Pick whichever answer or answers best apply.  Provide your own if you think we missed something.');
INSERT IGNORE INTO tlc_tt_strings (str) values('Pick whichever answer or answers best apply.');
INSERT IGNORE INTO tlc_tt_strings (str) values('Plan');
INSERT IGNORE INTO tlc_tt_strings (str) values('Review');
INSERT IGNORE INTO tlc_tt_strings (str) values('Ring bells');
INSERT IGNORE INTO tlc_tt_strings (str) values('Routinely look through the website looking for out of date or missing content');
INSERT IGNORE INTO tlc_tt_strings (str) values('SME');
INSERT IGNORE INTO tlc_tt_strings (str) values('Same roles as for Facebook');
INSERT IGNORE INTO tlc_tt_strings (str) values('Scrum Master');
INSERT IGNORE INTO tlc_tt_strings (str) values('Section 1');
INSERT IGNORE INTO tlc_tt_strings (str) values('Section 3');
INSERT IGNORE INTO tlc_tt_strings (str) values('Section 4');
INSERT IGNORE INTO tlc_tt_strings (str) values('Section 5');
INSERT IGNORE INTO tlc_tt_strings (str) values('Section 6');
INSERT IGNORE INTO tlc_tt_strings (str) values('Section 7');
INSERT IGNORE INTO tlc_tt_strings (str) values('Section Deux');
INSERT IGNORE INTO tlc_tt_strings (str) values('Select Question #1');
INSERT IGNORE INTO tlc_tt_strings (str) values('Select Question #2');
INSERT IGNORE INTO tlc_tt_strings (str) values('Service');
INSERT IGNORE INTO tlc_tt_strings (str) values('Sing');
INSERT IGNORE INTO tlc_tt_strings (str) values('So, what iss up?');
INSERT IGNORE INTO tlc_tt_strings (str) values('Soprano');
INSERT IGNORE INTO tlc_tt_strings (str) values('Subscribe');
INSERT IGNORE INTO tlc_tt_strings (str) values('Tech Advisor');
INSERT IGNORE INTO tlc_tt_strings (str) values('Tenor');
INSERT IGNORE INTO tlc_tt_strings (str) values('This is popup info.  Just here to see if popups are working');
INSERT IGNORE INTO tlc_tt_strings (str) values('This is where the text goes.  Skipping markdown/HTML for now (**mostly**).  But am adding a some italics and *bold*.');
INSERT IGNORE INTO tlc_tt_strings (str) values('To be a community is to work and play together.  What ideas do you have?');
INSERT IGNORE INTO tlc_tt_strings (str) values('Transportation');
INSERT IGNORE INTO tlc_tt_strings (str) values('Trinity also keeps a presence on Instagram.');
INSERT IGNORE INTO tlc_tt_strings (str) values('Trinity keeps a presence on Facebook');
INSERT IGNORE INTO tlc_tt_strings (str) values('Trinity keeps a presence on Facebook<br><ul><li>Admins have ability to log into our busieness account</li><li>Editors can post as Trinity.</li><li>Subscribers receive posts in their feed and can post as themselves on our page.</li></ul>');
INSERT IGNORE INTO tlc_tt_strings (str) values('We are God''s hands.  How can you help your neighbor?');
INSERT IGNORE INTO tlc_tt_strings (str) values('We need help with our social media presence...');
INSERT IGNORE INTO tlc_tt_strings (str) values('Welcome');
INSERT IGNORE INTO tlc_tt_strings (str) values('What do you play');
INSERT IGNORE INTO tlc_tt_strings (str) values('What else would you like us to know?');
INSERT IGNORE INTO tlc_tt_strings (str) values('What would you like us to know?');
INSERT IGNORE INTO tlc_tt_strings (str) values('Why or why not?');
INSERT IGNORE INTO tlc_tt_strings (str) values('Will attend rehearsals');
INSERT IGNORE INTO tlc_tt_strings (str) values('Will attend worship');
INSERT IGNORE INTO tlc_tt_strings (str) values('Worship');
INSERT IGNORE INTO tlc_tt_strings (str) values('Would you like to see more or less bells?');
INSERT IGNORE INTO tlc_tt_strings (str) values('Would you like to see more or less instrumental music?');
INSERT IGNORE INTO tlc_tt_strings (str) values('Yes/No Question');
INSERT IGNORE INTO tlc_tt_strings (str) values('Your thoughts?');
INSERT IGNORE INTO tlc_tt_strings (str) values('community');
INSERT IGNORE INTO tlc_tt_strings (str) values('some words about section 1');
INSERT IGNORE INTO tlc_tt_strings (str) values('some words about section 3');
INSERT IGNORE INTO tlc_tt_strings (str) values('some words about section 4');
INSERT IGNORE INTO tlc_tt_strings (str) values('some words about section 5');
INSERT IGNORE INTO tlc_tt_strings (str) values('some words about section 6');
INSERT IGNORE INTO tlc_tt_strings (str) values('some words about section 7');
INSERT IGNORE INTO tlc_tt_strings (str) values('Website');
INSERT IGNORE INTO tlc_tt_strings (str) values('A/V Team');
INSERT IGNORE INTO tlc_tt_strings (str) values('Info Text (archived)');
INSERT IGNORE INTO tlc_tt_strings (str) values('Yes/No Question (archived)');

DELETE from tlc_tt_settings;
INSERT INTO tlc_tt_settings (name, value) 
     VALUES ('admin-lock','YMO85U33OW|1750036631|Site Admin'),
            ('app_logo','TrinityLutheran_Logo.png'),
            ('is_dev','1'),
            ('log_file','tlc-ttsurvey.log'),
            ('log_level','3'),
            ('primary_admin','mikemayer67'),
            ('smtp_auth','1'),
            ('smtp_debug','2'),
            ('smtp_host','smtp.gmail.com'),
            ('smtp_password','hbav deuj uogk njzh'),
            ('smtp_username','trinityelcawebapps@gmail.com');

DELETE FROM tlc_tt_userids;
INSERT INTO tlc_tt_userids (userid, fullname, email, token, password, anonid, admin) VALUES ('ewemeeweme','mrs. mayer','valerie@vmwishes.com','QGOS7PI8VEB1V3P6389Q284Z2','$2y$10$nhSQN18GJVF4Fqwh7LCQ3ePpj3WAG2rUmsUQehjDGZzIdejGrLNeK','$2y$10$FrQAyh7ygCADJenOpxene./UXYwnTm8DA73RumWJKqXg.TP4VtePK',0),('kitkat15','KitKat Lardo Mayer','NULL','1234567890','$2y$12$lFbHBX49Tb9Tr8bPXdr3PO92EqgqKb3VN/AwaIlYS4oo6mP8JNUOG','$2y$12$dHeRZDElHi3KqxnMs8CYTeVZLqZDeYGVU0o2Qqr8DCHieFtewUb9m',0),('memeeweewe','mr mayer','NULL','ZM65V4CIHKE24M2OVP11XNQGF','$2y$10$BddgS0luGppaDgcG9NuVI.D4fcCR6P/P5FkTh0nbGnYXyg12g9hOC','$2y$10$QsHijnfECcE1/hT7fHVgwOCFSOI.9G5JuPRJ9ESVkmjBvk0boWFEO',0),('mikemayer67','Mike Mayer','mikemayer67@vmwishes.com','1234567890','$2y$10$07PK3o0J.AhcGNVNSNQRZeEFFeTFHt6IHAobjTVvhnHX9Pr3lJ3dq','$2y$12$CZO1nM3fj4bsRKDigJQzo.IPhCpUjqMpvJ0n5nKUKjPursF5j4EAO',0),('newtest123','Justa Test Subject','mikemayer67@vmwishes.com','7T6KRG9XFDJ3AI6ZM4AHEHQT1','$2y$10$ej6q..eR/BBS3ZYbo1KP0Ox8e4IkPQGchzc9RkNUO4eJIu.mZOQpW','$2y$10$0QAa.R9sXb88iSO2nYfPneENLzU6dbHtNejIGovktuhMaHXEunGDO',0),('newtest124','Justa Test Subject','NULL','7JSLV1DED57HGCC6QU78LQU74','$2y$10$QyMMKHp2nb5E7mGbz6APvuYBjLsrXCmviRQJzgd1Tzscluk9aU72S','$2y$10$OsN1VFyYZczmy8k7UjyeGOy1qt42VNWep67kK7/V5bOLYLqPasGT.',0),('shadowcat','Ricky LeChat Mayer','mikemayer67@vmwishes.com','4SS2V72GT33X25P4U1W2E9Q7Q','$2y$10$Iihq0p6R0jySdWqhhzBzoOFVvzCvyIpeNvu2VqpNoKaePxjp97NPa','$2y$10$LzppRQEltRDppcLBdl/H5.b85T5tnTK5faYVN6g7ZpjXcQkQ5fHTu',0),('snickers','Iama Krazy Kat','NULL','1234567890','$2y$12$0QvuwzOA0Djtv8JjVNrGEuyBjYqNcyCg.W3UyWedb/XBX4eNOeBL2','$2y$12$290O0qvJp9aBBnm17Xvi7up/.r4CgUAGIjFxsPCk8NICCWYhRHEBS',0);

DELETE FROM tlc_tt_roles;
INSERT INTO tlc_tt_roles (userid, admin, content, tech) VALUES ('ewemeeweme',0,0,1),('kitkat15',0,1,1),('memeeweewe',0,0,1),('mikemayer67',0,1,1),('newtest123',0,1,0),('newtest124',0,1,0),('shadowcat',1,0,0),('snickers',0,0,0);

DELETE FROM tlc_tt_surveys;
INSERT INTO tlc_tt_surveys 
            (id, title, created, active, closed, parent, revision) 
     VALUES (1,'2024 Time and Talent Survey','2025-03-15 11:44:27','2024-04-01 00:00:00','2024-06-30 00:00:00',NULL,1),
            (2,'2025 Time and Talent Survey','2025-03-15 11:44:27', NULL,NULL,1,2),
            (3,'Website Folks','2025-04-10 19:12:20','2025-04-10 00:00:00','2024-10-01 00:00:00',NULL,2),
            (4,'Musicians','2025-04-10 19:12:20','2025-04-15 00:00:00','2024-11-01 00:00:00',NULL,1);

DELETE FROM tlc_tt_survey_options;
INSERT INTO tlc_tt_survey_options (survey_id, id, survey_rev, text_sid) 
      VALUES (1,1,1,40), (1,2,1,16), (1,3,1,45), (1,4,1,19),
             (2,1,1,40), (2,2,1,16), (2,3,1,45), (2,4,1,71),
             (3,1,1,40), (3,2,1,16), (3,2,2,51), (3,3,1,32), (3,4,1,66), (3,4,2,49), (3,5,1,2), (3,6,1,20), (3,7,1,65),
             (4,1,1,40), (4,2,1,16), (4,3,1,45), (4,4,1,19), (4,8,1,9), (4,9,1,67), (4,10,1,4), (4,11,1,64);

DELETE FROM tlc_tt_survey_sections;
INSERT INTO tlc_tt_survey_sections 
            (survey_id, survey_rev, sequence, name_sid, labeled, description_sid, feedback_sid)
     VALUES (1, 1, 1, 84, 1, 31,NULL),
            (1, 1, 2, 39, 1, 75,NULL),
            (1, 1, 3, 89, 1, 70,NULL),
            (2, 1, 1, 77, 1, NULL,NULL),
            (2, 1, 2, 52, 1, 90, NULL),
            (2, 1, 3, 58, 1, 12, 63 ),
            (2, 1, 4, 53, 1, 91, NULL),
            (2, 1, 5, 54, 1, 92, NULL),
            (2, 1, 7, 55, 1, 93, NULL),
            (2, 1, 9, 56, 1, 94, NULL),
            (2, 1, 8, 57, 1, 95, NULL),
            (3, 1, 1, 96, 1, NULL,NULL),
            (3, 1, 2, 14, 1, NULL,NULL),
            (3, 1, 3, 97, 1, NULL,NULL),
            (4, 1, 1, 13, 1, NULL,NULL),
            (4, 1, 2, 10, 1, NULL,NULL),
            (4, 1, 3, 30,1, NULL,NULL);

INSERT INTO tlc_tt_survey_sections 
SELECT survey_id,1+survey_rev,sequence,name_sid,labeled,description_sid,feedback_sid
FROM tlc_tt_survey_sections where survey_id in (1,2,3) and survey_rev=1;

update tlc_tt_survey_sections set feedback_sid=80    where survey_id=1 and survey_rev=2 and sequence=2;
update tlc_tt_survey_sections set name_sid=23        where survey_id=2 and survey_rev=2 and sequence=1;
update tlc_tt_survey_sections set feedback_sid=6     where survey_id=2 and survey_rev=2 and sequence=1;
update tlc_tt_survey_sections set description_sid=76 where survey_id=3 and survey_rev=2 and sequence=2;

INSERT INTO tlc_tt_survey_sections 
SELECT survey_id,1+survey_rev,sequence,name_sid,labeled,description_sid,feedback_sid
FROM tlc_tt_survey_sections where survey_id in (1,2) and survey_rev=2;

update tlc_tt_survey_sections set feedback_sid=NULL where survey_id=1 and survey_rev=3 and sequence=2;
update tlc_tt_survey_sections set name_sid=61       where survey_id=1 and survey_rev=3 and sequence=2;
update tlc_tt_survey_sections set feedback_sid=NULL where survey_id=2 and survey_rev=3 and sequence=1;
delete from tlc_tt_survey_sections                  where survey_id=2 and survey_rev=3 and sequence=9;


DELETE FROM tlc_tt_survey_questions;
INSERT INTO tlc_tt_survey_questions 
            (id, survey_id, survey_rev, section, sequence, wording_sid, question_type, multiple, other_sid, qualifier_sid, description_sid, info_sid) 
     VALUES ( 1,1,1,1,1,27,'INFO',NULL,NULL,NULL,NULL,69),
            ( 2,1,1,1,2,87,'BOOL',NULL,NULL,81,11,68),
            ( 3,1,1,1,3,59,'OPTIONS',0,38,5, 41, 68),
            ( 4,1,1,1,4,60,'OPTIONS',0,NULL,5, 42, 68),
            ( 5,1,1,1,5,35,'OPTIONS',1,38,5, 43, 68),
            ( 6,1,1,1,6,36,'OPTIONS',1,NULL,5,44,68),
            ( 7,1,1,1,7,88,'FREETEXT',NULL,NULL,NULL,79,68),
            (68,1,1,1,8,27,'INFO',NULL,NULL,NULL,NULL,69),
            (69,1,1,1,9,87,'BOOL',NULL,NULL,81,11,68),
            (114,3,1,1,1,8,'OPTIONS',NULL,38,21,NULL,NULL),
            (115,3,1,1,2,15,'OPTIONS',NULL,38,NULL,NULL,NULL),
            (116,3,1,1,3,46,'BOOL',NULL,NULL,NULL,48,NULL),
            (117,3,1,2,1,22,'OPTIONS',NULL,NULL,NULL,73,3),
            (117,3,2,2,1,22,'OPTIONS',NULL,NULL,NULL,74,NULL),
            (118,3,2,2,2,28,'OPTIONS',NULL,NULL,NULL,72,50),
            (119,3,1,2,2,33,'OPTIONS',NULL,NULL,NULL,NULL,NULL),
            (119,3,2,2,3,33,'OPTIONS',NULL,NULL,NULL,NULL,NULL),
            (120,3,1,2,3,37,'FREETEXT',NULL,NULL,NULL,NULL,NULL),
            (120,3,2,2,4,37,'FREETEXT',NULL,NULL,NULL,NULL,NULL),
            (121,4,1,2,1,82,'BOOL',NULL,NULL,NULL,NULL,NULL),
            (122,4,1,2,2,83,'BOOL',NULL,NULL,NULL,NULL,NULL),
            (123,4,1,2,3,17,'BOOL',NULL,NULL,NULL,NULL,NULL),
            (124,4,1,2,4,25,'BOOL',NULL,NULL,NULL,NULL,24),
            (125,4,1,2,5,47,'OPTIONS',NULL,NULL,NULL,NULL,NULL),
            (126,4,1,1,2,17,'BOOL',NULL,NULL,NULL,NULL,NULL),
            (127,4,1,1,3,1,'BOOL',NULL,NULL,29,NULL,NULL),
            (128,4,1,1,1,62,'OPTIONS',NULL,NULL,NULL,NULL,NULL),
            (129,4,1,3,1,78,'FREETEXT',NULL,NULL,NULL,NULL,NULL),
            (130,4,1,3,2,26,'OPTIONS',NULL,38,7,NULL,NULL),
            (131,4,1,3,3,86,'FREETEXT',NULL,NULL,NULL,NULL,NULL),
            (132,4,1,3,4,85,'FREETEXT',NULL,NULL,NULL,NULL,NULL),
            (133,4,1,3,5,18,'FREETEXT',NULL,NULL,NULL,34,NULL);

INSERT INTO tlc_tt_survey_questions
     SELECT 7+id, survey_id, survey_rev, 1+section, 1+(7+sequence)%10, wording_sid, question_type, multiple, other_sid, qualifier_sid, description_sid, info_sid
       from tlc_tt_survey_questions where survey_id=1 and section=1 and id < 8;

INSERT INTO tlc_tt_survey_questions
     SELECT 7+id, survey_id, survey_rev, 1+section, 1+(7+sequence)%10, wording_sid, question_type, multiple, other_sid, qualifier_sid, description_sid, info_sid 
       from tlc_tt_survey_questions where survey_id=1 and section=2;

INSERT INTO tlc_tt_survey_questions
     SELECT 7+id, survey_id, survey_rev, 1+section, 1+(7+sequence)%10, wording_sid, question_type, multiple, other_sid, qualifier_sid, description_sid, info_sid 
       from tlc_tt_survey_questions where survey_id=1 and section=3;

INSERT INTO tlc_tt_survey_questions
     SELECT 7+id, survey_id, survey_rev, 1+section, 1+(7+sequence)%10, wording_sid, question_type, multiple, other_sid, qualifier_sid, description_sid, info_sid 
       from tlc_tt_survey_questions where survey_id=1 and section=4;

INSERT INTO tlc_tt_survey_questions
     SELECT 7+id, survey_id, survey_rev, 2+section, 1+(7+sequence)%10, wording_sid, question_type, multiple, other_sid, qualifier_sid, description_sid, info_sid 
       from tlc_tt_survey_questions where survey_id=1 and section=5;

INSERT INTO tlc_tt_survey_questions
     SELECT 7+id, survey_id, survey_rev, 1+section, 1+(7+sequence)%10, wording_sid, question_type, multiple, other_sid, qualifier_sid, description_sid, info_sid 
       from tlc_tt_survey_questions where survey_id=1 and section=7;

INSERT INTO tlc_tt_survey_questions
     SELECT 7+id, survey_id, survey_rev, 1+section, 1+(7+sequence)%10, wording_sid, question_type, multiple, other_sid, qualifier_sid, description_sid, info_sid 
       from tlc_tt_survey_questions where survey_id=1 and section=8;

INSERT INTO tlc_tt_survey_questions
     SELECT id, 1+survey_id, survey_rev, section, sequence,            wording_sid, question_type, multiple, other_sid, qualifier_sid, description_sid, info_sid 
       from tlc_tt_survey_questions where survey_id=1;

INSERT INTO tlc_tt_survey_questions
     SELECT id, survey_id, 2, section, NULL, 98, question_type, multiple, other_sid, qualifier_sid, description_sid, info_sid 
       from tlc_tt_survey_questions where survey_id=2 and id=68;
INSERT INTO tlc_tt_survey_questions
     SELECT id, survey_id, 2, section, NULL, 99, question_type, multiple, other_sid, qualifier_sid, description_sid, info_sid 
       from tlc_tt_survey_questions where survey_id=2 and id=69;
    

DELETE FROM tlc_tt_question_options;
INSERT INTO tlc_tt_question_options (survey_id, survey_rev, question_id, sequence, option_id, secondary) 
     VALUES (1,1,3,1,3,0), (1,1,3,2,2,0), (1,1,3,3,1,0),
            (1,1,4,1,3,0), (1,1,4,2,2,0), (1,1,4,3,1,1),
            (1,1,5,1,1,0), (1,1,5,2,2,0), (1,1,5,3,3,1), (1,1,5,4,4,1),
            (1,1,6,1,1,0), (1,1,6,2,2,0), (1,1,6,3,3,1), (1,1,6,4,4,1),
            (3,1,114,1,1,0), (3,1,114,2,2,0), (3,1,114,3,3,1), (3,1,114,4,4,1),
            (3,1,115,1,1,0), (3,1,115,2,2,0), (3,1,115,3,3,1),
            (3,1,117,1,5,0), (3,1,117,2,6,0), (3,1,117,3,7,1),
            (3,1,118,1,5,0), (3,1,118,2,6,0), (3,1,118,3,7,1),
            (3,1,119,1,5,0), (3,1,119,2,6,0),
            (4,1,125,1,8,0), (4,1,125,2,9,0), (4,1,125,3,10,0), (4,1,125,4,11,0),
            (4,1,128,1,8,0), (4,1,128,2,9,0), (4,1,128,3,10,0), (4,1,128,4,11,0),
            (4,1,130,1,2,0), (4,1,130,2,3,0), (4,1,130,3,4,0);

INSERT INTO tlc_tt_question_options SELECT survey_id,survey_rev, 7+question_id,sequence,option_id,secondary FROM tlc_tt_question_options where survey_id=1 and question_id < 7;
INSERT INTO tlc_tt_question_options SELECT survey_id,survey_rev,14+question_id,sequence,option_id,secondary FROM tlc_tt_question_options where survey_id=1 and question_id < 7;
INSERT INTO tlc_tt_question_options SELECT survey_id,survey_rev,21+question_id,sequence,option_id,secondary FROM tlc_tt_question_options where survey_id=1 and question_id < 7;
INSERT INTO tlc_tt_question_options SELECT survey_id,survey_rev,28+question_id,sequence,option_id,secondary FROM tlc_tt_question_options where survey_id=1 and question_id < 7;
INSERT INTO tlc_tt_question_options SELECT survey_id,survey_rev,35+question_id,sequence,option_id,secondary FROM tlc_tt_question_options where survey_id=1 and question_id < 7;
INSERT INTO tlc_tt_question_options SELECT survey_id,survey_rev,42+question_id,sequence,option_id,secondary FROM tlc_tt_question_options where survey_id=1 and question_id < 7;
INSERT INTO tlc_tt_question_options SELECT survey_id,survey_rev,49+question_id,sequence,option_id,secondary FROM tlc_tt_question_options where survey_id=1 and question_id < 7;

INSERT INTO tlc_tt_question_options SELECT 2,1,question_id,sequence,option_id,secondary FROM tlc_tt_question_options where survey_id=1;
INSERT INTO tlc_tt_question_options SELECT 2,2,question_id,sequence,option_id,0 FROM tlc_tt_question_options where survey_id=2;

