INSERT IGNORE INTO tlc_tt_strings values('Accompany');
INSERT IGNORE INTO tlc_tt_strings values('Admin');
INSERT IGNORE INTO tlc_tt_strings values('Admins have ability to log into our busieness account, Editors can post as Trinity. Subscribers recevie posts in their feed and can post as themselves on our page.');
INSERT IGNORE INTO tlc_tt_strings values('Alto');
INSERT IGNORE INTO tlc_tt_strings values('Anything we should know?');
INSERT IGNORE INTO tlc_tt_strings values('Anything:');
INSERT IGNORE INTO tlc_tt_strings values('Availability');
INSERT IGNORE INTO tlc_tt_strings values('Backend');
INSERT IGNORE INTO tlc_tt_strings values('Bass');
INSERT IGNORE INTO tlc_tt_strings values('Bells');
INSERT IGNORE INTO tlc_tt_strings values('Blah blah blah... This is important because');
INSERT IGNORE INTO tlc_tt_strings values('But why is the name partiall y in Frenche?  That is a might fine question for which I do not have an answer.  Ok, reasonable,  .... but what are we even talking about at this point?');
INSERT IGNORE INTO tlc_tt_strings values('Choir');
INSERT IGNORE INTO tlc_tt_strings values('Communications');
INSERT IGNORE INTO tlc_tt_strings values('Content');
INSERT IGNORE INTO tlc_tt_strings values('Coordinate');
INSERT IGNORE INTO tlc_tt_strings values('Direct');
INSERT IGNORE INTO tlc_tt_strings values('Do you prefer piano or organ during worship?');
INSERT IGNORE INTO tlc_tt_strings values('Drive');
INSERT IGNORE INTO tlc_tt_strings values('Editor');
INSERT IGNORE INTO tlc_tt_strings values('Experience');
INSERT IGNORE INTO tlc_tt_strings values('Facebook');
INSERT IGNORE INTO tlc_tt_strings values('Hello');
INSERT IGNORE INTO tlc_tt_strings values('Help set up/tear down worship mics');
INSERT IGNORE INTO tlc_tt_strings values('Help with Sound');
INSERT IGNORE INTO tlc_tt_strings values('How would you like to help music');
INSERT IGNORE INTO tlc_tt_strings values('Info Text');
INSERT IGNORE INTO tlc_tt_strings values('Instagram');
INSERT IGNORE INTO tlc_tt_strings values('Instrument (s)');
INSERT IGNORE INTO tlc_tt_strings values('Instrumentalist');
INSERT IGNORE INTO tlc_tt_strings values('It takes a number of folks to make Sunday Worship happen.  How do you want to help?');
INSERT IGNORE INTO tlc_tt_strings values('Jira');
INSERT IGNORE INTO tlc_tt_strings values('Mail Chimp');
INSERT IGNORE INTO tlc_tt_strings values('Marcello will continue to use both, but do you have a personal preference?');
INSERT IGNORE INTO tlc_tt_strings values('Multi Select #1');
INSERT IGNORE INTO tlc_tt_strings values('Multi Select #2');
INSERT IGNORE INTO tlc_tt_strings values('Other Ways you can help with communication');
INSERT IGNORE INTO tlc_tt_strings values('Other');
INSERT IGNORE INTO tlc_tt_strings values('Outreach');
INSERT IGNORE INTO tlc_tt_strings values('Participate');
INSERT IGNORE INTO tlc_tt_strings values('Pick whichever answer best applies.  Or provide your own if you don''t like the options provided');
INSERT IGNORE INTO tlc_tt_strings values('Pick whichever answer best applies.');
INSERT IGNORE INTO tlc_tt_strings values('Pick whichever answer or answers best apply.  Provide your own if you think we missed something.');
INSERT IGNORE INTO tlc_tt_strings values('Pick whichever answer or answers best apply.');
INSERT IGNORE INTO tlc_tt_strings values('Plan');
INSERT IGNORE INTO tlc_tt_strings values('Review');
INSERT IGNORE INTO tlc_tt_strings values('Ring bells');
INSERT IGNORE INTO tlc_tt_strings values('Routinely look through the website looking for out of date or missing content');
INSERT IGNORE INTO tlc_tt_strings values('SME');
INSERT IGNORE INTO tlc_tt_strings values('Same roles as for Facebook');
INSERT IGNORE INTO tlc_tt_strings values('Scrum Master');
INSERT IGNORE INTO tlc_tt_strings values('Section 1');
INSERT IGNORE INTO tlc_tt_strings values('Section 3');
INSERT IGNORE INTO tlc_tt_strings values('Section 4');
INSERT IGNORE INTO tlc_tt_strings values('Section 5');
INSERT IGNORE INTO tlc_tt_strings values('Section 6');
INSERT IGNORE INTO tlc_tt_strings values('Section 7');
INSERT IGNORE INTO tlc_tt_strings values('Section Deux');
INSERT IGNORE INTO tlc_tt_strings values('Select Question #1');
INSERT IGNORE INTO tlc_tt_strings values('Select Question #2');
INSERT IGNORE INTO tlc_tt_strings values('Service');
INSERT IGNORE INTO tlc_tt_strings values('Sing');
INSERT IGNORE INTO tlc_tt_strings values('So, what iss up?');
INSERT IGNORE INTO tlc_tt_strings values('Soprano');
INSERT IGNORE INTO tlc_tt_strings values('Subscribe');
INSERT IGNORE INTO tlc_tt_strings values('Tech Advisor');
INSERT IGNORE INTO tlc_tt_strings values('Tenor');
INSERT IGNORE INTO tlc_tt_strings values('This is popup info.  Just here to see if popups are working');
INSERT IGNORE INTO tlc_tt_strings values('This is where the text goes.  Skipping markdown/HTML for now (**mostly**).  But am adding a some italics and *bold*.');
INSERT IGNORE INTO tlc_tt_strings values('To be a community is to work and play together.  What ideas do you have?');
INSERT IGNORE INTO tlc_tt_strings values('Transportation');
INSERT IGNORE INTO tlc_tt_strings values('Trinity also keeps a presence on Instagram.');
INSERT IGNORE INTO tlc_tt_strings values('Trinity keeps a presence on Facebook');
INSERT IGNORE INTO tlc_tt_strings values('Trinity keeps a presence on Facebook<br><ul><li>Admins have ability to log into our busieness account</li><li>Editors can post as Trinity.</li><li>Subscribers receive posts in their feed and can post as themselves on our page.</li></ul>');
INSERT IGNORE INTO tlc_tt_strings values('We are God''s hands.  How can you help your neighbor?');
INSERT IGNORE INTO tlc_tt_strings values('We need help with our social media presence...');
INSERT IGNORE INTO tlc_tt_strings values('Welcome');
INSERT IGNORE INTO tlc_tt_strings values('What do you play');
INSERT IGNORE INTO tlc_tt_strings values('What else would you like us to know?');
INSERT IGNORE INTO tlc_tt_strings values('What would you like us to know?');
INSERT IGNORE INTO tlc_tt_strings values('Why or why not?');
INSERT IGNORE INTO tlc_tt_strings values('Will attend rehearsals');
INSERT IGNORE INTO tlc_tt_strings values('Will attend worship');
INSERT IGNORE INTO tlc_tt_strings values('Worship');
INSERT IGNORE INTO tlc_tt_strings values('Would you like to see more or less bells?');
INSERT IGNORE INTO tlc_tt_strings values('Would you like to see more or less instrumental music?');
INSERT IGNORE INTO tlc_tt_strings values('Yes/No Question');
INSERT IGNORE INTO tlc_tt_strings values('Your thoughts?');
INSERT IGNORE INTO tlc_tt_strings values('community');
INSERT IGNORE INTO tlc_tt_strings values('some words about section 1');
INSERT IGNORE INTO tlc_tt_strings values('some words about section 3');
INSERT IGNORE INTO tlc_tt_strings values('some words about section 4');
INSERT IGNORE INTO tlc_tt_strings values('some words about section 5');
INSERT IGNORE INTO tlc_tt_strings values('some words about section 6');
INSERT IGNORE INTO tlc_tt_strings values('some words about section 7');
INSERT IGNORE INTO tlc_tt_strings values('Website');
INSERT IGNORE INTO tlc_tt_strings values('A/V Team');

DELETE FROM `tlc_tt_userids`;
INSERT INTO `tlc_tt_userids` (`userid`, `fullname`, `email`, `token`, `password`, `anonid`, `admin`) VALUES ('ewemeeweme','mrs. mayer','valerie@vmwishes.com','QGOS7PI8VEB1V3P6389Q284Z2','$2y$10$nhSQN18GJVF4Fqwh7LCQ3ePpj3WAG2rUmsUQehjDGZzIdejGrLNeK','$2y$10$FrQAyh7ygCADJenOpxene./UXYwnTm8DA73RumWJKqXg.TP4VtePK',0),('kitkat15','KitKat Lardo Mayer','NULL','1234567890','$2y$12$lFbHBX49Tb9Tr8bPXdr3PO92EqgqKb3VN/AwaIlYS4oo6mP8JNUOG','$2y$12$dHeRZDElHi3KqxnMs8CYTeVZLqZDeYGVU0o2Qqr8DCHieFtewUb9m',0),('memeeweewe','mr mayer','NULL','ZM65V4CIHKE24M2OVP11XNQGF','$2y$10$BddgS0luGppaDgcG9NuVI.D4fcCR6P/P5FkTh0nbGnYXyg12g9hOC','$2y$10$QsHijnfECcE1/hT7fHVgwOCFSOI.9G5JuPRJ9ESVkmjBvk0boWFEO',0),('mikemayer67','Mike Mayer','mikemayer67@vmwishes.com','1234567890','$2y$10$07PK3o0J.AhcGNVNSNQRZeEFFeTFHt6IHAobjTVvhnHX9Pr3lJ3dq','$2y$12$CZO1nM3fj4bsRKDigJQzo.IPhCpUjqMpvJ0n5nKUKjPursF5j4EAO',0),('newtest123','Justa Test Subject','mikemayer67@vmwishes.com','7T6KRG9XFDJ3AI6ZM4AHEHQT1','$2y$10$ej6q..eR/BBS3ZYbo1KP0Ox8e4IkPQGchzc9RkNUO4eJIu.mZOQpW','$2y$10$0QAa.R9sXb88iSO2nYfPneENLzU6dbHtNejIGovktuhMaHXEunGDO',0),('newtest124','Justa Test Subject','NULL','7JSLV1DED57HGCC6QU78LQU74','$2y$10$QyMMKHp2nb5E7mGbz6APvuYBjLsrXCmviRQJzgd1Tzscluk9aU72S','$2y$10$OsN1VFyYZczmy8k7UjyeGOy1qt42VNWep67kK7/V5bOLYLqPasGT.',0),('shadowcat','Ricky LeChat Mayer','mikemayer67@vmwishes.com','4SS2V72GT33X25P4U1W2E9Q7Q','$2y$10$Iihq0p6R0jySdWqhhzBzoOFVvzCvyIpeNvu2VqpNoKaePxjp97NPa','$2y$10$LzppRQEltRDppcLBdl/H5.b85T5tnTK5faYVN6g7ZpjXcQkQ5fHTu',0),('snickers','Iama Krazy Kat','NULL','1234567890','$2y$12$0QvuwzOA0Djtv8JjVNrGEuyBjYqNcyCg.W3UyWedb/XBX4eNOeBL2','$2y$12$290O0qvJp9aBBnm17Xvi7up/.r4CgUAGIjFxsPCk8NICCWYhRHEBS',0);

DELETE FROM `tlc_tt_roles`;
INSERT INTO `tlc_tt_roles` (`userid`, `admin`, `content`, `tech`) VALUES ('ewemeeweme',0,0,1),('kitkat15',0,1,1),('memeeweewe',0,0,1),('mikemayer67',0,1,1),('newtest123',0,1,0),('newtest124',0,1,0),('shadowcat',1,0,0),('snickers',0,0,0);

DELETE FROM `tlc_tt_surveys`;
INSERT INTO `tlc_tt_surveys` 
            (`id`, `title`, `created`, `active`, `closed`, `parent`, `revision`) 
     VALUES (1,'2024 Time and Talent Survey','2025-03-15 11:44:27','2024-04-01 00:00:00','2024-06-30 00:00:00',NULL,1),
            (2,'2025 Time and Talent Survey','2025-03-15 11:44:27', NULL,NULL,1,2),
            (3,'Website Folks','2025-04-10 19:12:20','2025-04-10 00:00:00','2024-10-01 00:00:00',NULL,2),
            (4,'Musicians','2025-04-10 19:12:20','2025-04-15 00:00:00','2024-11-01 00:00:00',NULL,1);

DELETE FROM `tlc_tt_survey_options`;
INSERT INTO `tlc_tt_survey_options` (`survey_id`, `id`, `survey_rev`, `text`) 
      VALUES (1,1,1,'Participate'), (1,2,1,'Coordinate'), (1,3,1,'Plan'), (1,4,1,'Drive'),
             (2,1,1,'Participate'), (2,2,1,'Coordinate'), (2,3,1,'Plan'), (2,4,1,'Transportation'),
             (3,1,1,'Participate'), (3,2,1,'Coordinate'), (3,2,2,'Scrum Master'), (3,3,1,'Jira'), (3,4,1,'Tech Advisor'), (3,4,2,'SME'), (3,5,1,'Admin'), (3,6,1,'Editor'), (3,7,1,'Subscribe'),
             (4,1,1,'Participate'), (4,2,1,'Coordinate'), (4,3,1,'Plan'), (4,4,1,'Drive'), (4,8,1,'Bass'), (4,9,1,'Tenor'), (4,10,1,'Alto'), (4,11,1,'Soprano');

DELETE FROM `tlc_tt_survey_sections`;
INSERT INTO `tlc_tt_survey_sections` 
            (`survey_id`, `survey_rev`, `sequence`, `name`, `show_name`, `description`, `feedback`)
     VALUES (1, 1, 1, 'Worship',        1, 'It takes a number of folks to make Sunday Worship happen.  How do you want to help?',NULL),
            (1, 1, 2, 'Outreach',       1, 'We are God''s hands.  How can you help your neighbor?',NULL),
            (1, 1, 3, 'community',      1, 'To be a community is to work and play together.  What ideas do you have?',NULL),
            (1, 2, 2, 'Outreach',       1, 'We are God''s hands.  How can you help your neighbor?','What would you like us to know?'),
            (1, 3, 2, 'Service',        1, 'We are God''s hands.  How can you help your neighbor?',NULL),
            (2, 1, 1, 'Welcome',        1, NULL,NULL),
            (2, 2, 1, 'Hello',          1, NULL,'Anything:'),
            (2, 3, 1, 'Hello',          1, NULL,NULL),
            (2, 1, 2, 'Section 1',      1, 'some words about section 1', NULL),
            (2, 1, 3, 'Section Deux',   1, 'But why is the name partiall y in Frenche?  That is a might fine question for which I do not have an answer.  Ok, reasonable,  .... but what are we even talking about at this point?', 'So, what iss up?' ),
            (2, 1, 4, 'Section 3',      1, 'some words about section 3', NULL),
            (2, 1, 5, 'Section 4',      1, 'some words about section 4', NULL),
            (2, 1, 7, 'Section 5',      1, 'some words about section 5', NULL),
            (2, 1, 9, 'Section 6',      1, 'some words about section 6', NULL),
            (2, 3, 9, NULL, NULL, NULL, NULL),
            (2, 1, 8, 'Section 7',      1, 'some words about section 7', NULL),
            (3, 1, 1, 'Website',        1, NULL,NULL),
            (3, 1, 2, 'Communications', 1, NULL,NULL),
            (3, 1, 3, 'A/V Team',       1, NULL,NULL),
            (3, 2, 2, 'Communications', 1, 'We need help with our social media presence...',NULL),
            (4, 1, 1, 'Choir',          1, NULL,NULL),
            (4, 1, 2, 'Bells',          1, NULL,NULL),
            (4, 1, 3, 'Instrumentalist',1, NULL,NULL);

DELETE FROM `tlc_tt_survey_questions`;
INSERT INTO `tlc_tt_survey_questions` 
            (`id`, `survey_id`, `survey_rev`, `section`, `sequence`, `wording`, `question_type`, `multiple`, `other`, `qualifier`, `description`, `info`) 
     VALUES ( 1,1,1,1,1,'Info Text','INFO',NULL,NULL,NULL,NULL,'This is where the text goes.  Skipping markdown/HTML for now (**mostly**).  But am adding a some italics and *bold*.'),
            ( 2,1,1,1,2,'Yes/No Question','BOOL',NULL,NULL,'Why or why not?','Blah blah blah... This is important because','This is popup info.  Just here to see if popups are working'),
            ( 3,1,1,1,3,'Select Question #1','OPTIONS',0,'Other','Anything we should know?', 'Pick whichever answer best applies.  Or provide your own if you don''t like the options provided', 'This is popup info.  Just here to see if popups are working'),
            ( 4,1,1,1,4,'Select Question #2','OPTIONS',0,NULL,'Anything we should know?', 'Pick whichever answer best applies.', 'This is popup info.  Just here to see if popups are working'),
            ( 5,1,1,1,5,'Multi Select #1','OPTIONS',1,'Other','Anything we should know?', 'Pick whichever answer or answers best apply.  Provide your own if you think we missed something.', 'This is popup info.  Just here to see if popups are working'),
            ( 6,1,1,1,6,'Multi Select #2','OPTIONS',1,NULL,'Anything we should know?','Pick whichever answer or answers best apply.','This is popup info.  Just here to see if popups are working'),
            ( 7,1,1,1,7,'Your thoughts?','FREETEXT',NULL,NULL,NULL,'What else would you like us to know?','This is popup info.  Just here to see if popups are working'),
            (68,1,1,1,8,'Info Text','INFO',NULL,NULL,NULL,NULL,'This is where the text goes.  Skipping markdown/HTML for now (**mostly**).  But am adding a some italics and *bold*.'),
            (69,1,1,1,9,'Yes/No Question','BOOL',NULL,NULL,'Why or why not?','Blah blah blah... This is important because','This is popup info.  Just here to see if popups are working'),
            (114,3,1,1,1,'Backend','OPTIONS',NULL,'Other','Experience',NULL,NULL),
            (115,3,1,1,2,'Content','OPTIONS',NULL,'Other',NULL,NULL,NULL),
            (116,3,1,1,3,'Review','BOOL',NULL,NULL,NULL,'Routinely look through the website looking for out of date or missing content',NULL),
            (117,3,1,2,1,'Facebook','OPTIONS',NULL,NULL,NULL,'Trinity keeps a presence on Facebook','Admins have ability to log into our busieness account, Editors can post as Trinity. Subscribers recevie posts in their feed and can post as themselves on our page.'),
            (117,3,2,2,1,'Facebook','OPTIONS',NULL,NULL,NULL,'Trinity keeps a presence on Facebook<br><ul><li>Admins have ability to log into our busieness account</li><li>Editors can post as Trinity.</li><li>Subscribers receive posts in their feed and can post as themselves on our page.</li></ul>',NULL),
            (118,3,2,2,2,'Instagram','OPTIONS',NULL,NULL,NULL,'Trinity also keeps a presence on Instagram.','Same roles as for Facebook'),
            (119,3,1,2,2,'Mail Chimp','OPTIONS',NULL,NULL,NULL,NULL,NULL),
            (119,3,2,2,3,'Mail Chimp','OPTIONS',NULL,NULL,NULL,NULL,NULL),
            (120,3,1,2,3,'Other Ways you can help with communication','FREETEXT',NULL,NULL,NULL,NULL,NULL),
            (120,3,2,2,4,'Other Ways you can help with communication','FREETEXT',NULL,NULL,NULL,NULL,NULL),
            (121,4,1,2,1,'Will attend rehearsals','BOOL',NULL,NULL,NULL,NULL,NULL),
            (122,4,1,2,2,'Will attend worship','BOOL',NULL,NULL,NULL,NULL,NULL),
            (123,4,1,2,3,'Direct','BOOL',NULL,NULL,NULL,NULL,NULL),
            (124,4,1,2,4,'Help with Sound','BOOL',NULL,NULL,NULL,NULL,'Help set up/tear down worship mics'),
            (125,4,1,2,5,'Ring bells','OPTIONS',NULL,NULL,NULL,NULL,NULL),
            (126,4,1,1,2,'Direct','BOOL',NULL,NULL,NULL,NULL,NULL),
            (127,4,1,1,3,'Accompany','BOOL',NULL,NULL,'Instrument (s)',NULL,NULL),
            (128,4,1,1,1,'Sing','OPTIONS',NULL,NULL,NULL,NULL,NULL),
            (129,4,1,3,1,'What do you play','FREETEXT',NULL,NULL,NULL,NULL,NULL),
            (130,4,1,3,2,'How would you like to help music','OPTIONS',NULL,'Other','Availability',NULL,NULL),
            (131,4,1,3,3,'Would you like to see more or less instrumental music?','FREETEXT',NULL,NULL,NULL,NULL,NULL),
            (132,4,1,3,4,'Would you like to see more or less bells?','FREETEXT',NULL,NULL,NULL,NULL,NULL),
            (133,4,1,3,5,'Do you prefer piano or organ during worship?','FREETEXT',NULL,NULL,NULL,'Marcello will continue to use both, but do you have a personal preference?',NULL);

INSERT INTO `tlc_tt_survey_questions`
     SELECT 7+id, survey_id, survey_rev, 1+section, 1+(7+sequence)%10, wording, question_type, multiple, other, qualifier, description, info 
       from tlc_tt_survey_questions where survey_id=1 and section=1 and id < 8;

INSERT INTO `tlc_tt_survey_questions`
     SELECT 7+id, survey_id, survey_rev, 1+section, 1+(7+sequence)%10, wording, question_type, multiple, other, qualifier, description, info 
       from tlc_tt_survey_questions where survey_id=1 and section=2;

INSERT INTO `tlc_tt_survey_questions`
     SELECT 7+id, survey_id, survey_rev, 1+section, 1+(7+sequence)%10, wording, question_type, multiple, other, qualifier, description, info 
       from tlc_tt_survey_questions where survey_id=1 and section=3;

INSERT INTO `tlc_tt_survey_questions`
     SELECT 7+id, survey_id, survey_rev, 1+section, 1+(7+sequence)%10, wording, question_type, multiple, other, qualifier, description, info 
       from tlc_tt_survey_questions where survey_id=1 and section=4;

INSERT INTO `tlc_tt_survey_questions`
     SELECT 7+id, survey_id, survey_rev, 2+section, 1+(7+sequence)%10, wording, question_type, multiple, other, qualifier, description, info 
       from tlc_tt_survey_questions where survey_id=1 and section=5;

INSERT INTO `tlc_tt_survey_questions`
     SELECT 7+id, survey_id, survey_rev, 1+section, 1+(7+sequence)%10, wording, question_type, multiple, other, qualifier, description, info 
       from tlc_tt_survey_questions where survey_id=1 and section=7;

INSERT INTO `tlc_tt_survey_questions`
     SELECT 7+id, survey_id, survey_rev, 1+section, 1+(7+sequence)%10, wording, question_type, multiple, other, qualifier, description, info 
       from tlc_tt_survey_questions where survey_id=1 and section=8;

INSERT INTO `tlc_tt_survey_questions`
     SELECT id, 1+survey_id, survey_rev, section, sequence, wording, question_type, multiple, other, qualifier, description, info 
       from tlc_tt_survey_questions where survey_id=1;

INSERT INTO tlc_tt_survey_questions
     SELECT id, survey_id, 2, section, NULL, concat(wording,' (archived)'), question_type, multiple, other, qualifier, description, info 
       from tlc_tt_survey_questions where survey_id=2 and id in (68,69);
    

DELETE FROM `tlc_tt_question_options`;
INSERT INTO `tlc_tt_question_options` (`survey_id`, `survey_rev`, `question_id`, `sequence`, `option_id`, `secondary`) 
     VALUES (1,1,3,1,3,0), (1,1,3,2,2,0), (1,1,3,3,1,0),
            (1,1,4,1,3,0), (1,1,4,2,2,0), (1,1,4,3,1,1),
            (1,1,5,1,1,0), (1,1,5,2,2,0), (1,1,5,3,3,1), (1,1,5,4,4,1),
            (1,1,6,1,1,0), (1,1,6,2,2,0), (1,1,6,3,3,1), (1,1,6,4,4,1),
            (3,1,114,1,1,0), (3,1,114,2,2,0), (3,1,114,3,3,1), (3,1,114,4,4,1),
            (3,1,115,1,1,0), (3,1,115,2,2,0), (3,1,115,3,3,1),
            (3,1,117,1,5,0), (3,1,117,2,6,0), (3,1,117,3,7,1),
            (3,1,118,1,5,0), (3,1,118,2,6,0), (3,1,118,3,7,1),
            (3,1,119,1,5,0), (3,1,119,2,6,0),
            (4,1,125,1,8,0), (4,1,125,2,9,0), (4,1,125,3,10,0), (4,1,125,4,11,0),
            (4,1,128,1,8,0), (4,1,128,2,9,0), (4,1,128,3,10,0), (4,1,128,4,11,0),
            (4,1,130,1,2,0), (4,1,130,2,3,0), (4,1,130,3,4,0);

INSERT INTO tlc_tt_question_options SELECT survey_id,survey_rev, 7+question_id,sequence,option_id,secondary FROM tlc_tt_question_options where survey_id=1 and question_id < 7;
INSERT INTO tlc_tt_question_options SELECT survey_id,survey_rev,14+question_id,sequence,option_id,secondary FROM tlc_tt_question_options where survey_id=1 and question_id < 7;
INSERT INTO tlc_tt_question_options SELECT survey_id,survey_rev,21+question_id,sequence,option_id,secondary FROM tlc_tt_question_options where survey_id=1 and question_id < 7;
INSERT INTO tlc_tt_question_options SELECT survey_id,survey_rev,28+question_id,sequence,option_id,secondary FROM tlc_tt_question_options where survey_id=1 and question_id < 7;
INSERT INTO tlc_tt_question_options SELECT survey_id,survey_rev,35+question_id,sequence,option_id,secondary FROM tlc_tt_question_options where survey_id=1 and question_id < 7;
INSERT INTO tlc_tt_question_options SELECT survey_id,survey_rev,42+question_id,sequence,option_id,secondary FROM tlc_tt_question_options where survey_id=1 and question_id < 7;
INSERT INTO tlc_tt_question_options SELECT survey_id,survey_rev,49+question_id,sequence,option_id,secondary FROM tlc_tt_question_options where survey_id=1 and question_id < 7;

INSERT INTO tlc_tt_question_options SELECT 2,1,question_id,sequence,option_id,secondary FROM tlc_tt_question_options where survey_id=1;
INSERT INTO tlc_tt_question_options SELECT 2,2,question_id,sequence,option_id,0 FROM tlc_tt_question_options where survey_id=2;

